filename,title,author,license,license_url,source_url,retrieved_at
15863507-uhd_3840_2160_30fps.mp4,https://www.pexels.com/video/3d-animation-of-a-stream-of-colorful-eggs-15863507/,Pachon in Motion,Pexels License,https://www.pexels.com/license/,https://www.pexels.com/video/3d-animation-of-a-stream-of-colorful-eggs-15863507/,2026-08-06T01:54:22+00:00
13595856_3840_2160_60fps.mp4,https://www.pexels.com/video/creative-digital-design-process-on-laptop-31916834/,Pietro Henricky,Pexels License,https://www.pexels.com/license/,https://www.pexels.com/video/creative-digital-design-process-on-laptop-31916834/,2026-08-06T01:54:31+00:00
14320594_3840_2160_60fps.mp4,https://www.pexels.com/video/vibrant-abstract-spiral-animation-with-dots-33717884/,Pachon in Motion,Pexels License,https://www.pexels.com/license/,https://www.pexels.com/video/vibrant-abstract-spiral-animation-with-dots-33717884/,2026-08-06T01:54:51+00:00
10991225-hd_3840_2160_25fps.mp4,https://www.pexels.com/video/a-trippy-psychedelic-animation-10991225/,Merlin Lightpainting,Pexels License,https://www.pexels.com/license/,https://www.pexels.com/video/a-trippy-psychedelic-animation-10991225/,2026-08-06T01:55:08+00:00
14332419_4096_2160_60fps.mp4,https://www.pexels.com/video/mesmerizing-black-and-white-kaleidoscope-loop-33760678/,tunnel motions,Pexels License,https://www.pexels.com/license/,https://www.pexels.com/video/mesmerizing-black-and-white-kaleidoscope-loop-33760678/,2026-08-06T01:55:23+00:00
15200535-uhd_3840_2160_30fps.mp4,https://www.pexels.com/video/close-up-view-of-a-3d-abstract-design-in-motion-15200535/,Pachon in Motion,Pexels License,https://www.pexels.com/license/,https://www.pexels.com/video/close-up-view-of-a-3d-abstract-design-in-motion-15200535/,2026-08-06T01:55:43+00:00
10991248-hd_3840_2160_25fps.mp4,https://www.pexels.com/video/a-trippy-psychedelic-animation-10991248/,Merlin Lightpainting,Pexels License,https://www.pexels.com/license/,https://www.pexels.com/video/a-trippy-psychedelic-animation-10991248/,2026-08-06T01:56:01+00:00
15439670-uhd_3840_2160_30fps.mp4,https://www.pexels.com/video/3d-animation-of-a-futuristic-dynamic-pattern-15439670/,Pachon in Motion,Pexels License,https://www.pexels.com/license/,https://www.pexels.com/video/3d-animation-of-a-futuristic-dynamic-pattern-15439670/,2026-08-06T01:56:11+00:00
10740647-hd_3840_2160_25fps.mp4,https://www.pexels.com/video/trippy-abstract-animation-10740647/,Merlin Lightpainting,Pexels License,https://www.pexels.com/license/,https://www.pexels.com/video/trippy-abstract-animation-10740647/,2026-08-06T01:56:43+00:00
12554223_3840_2160_30fps.mp4,https://www.pexels.com/video/vibrant-abstract-purple-wave-motion-art-29040258/,totalgaming2 geamer,Pexels License,https://www.pexels.com/license/,https://www.pexels.com/video/vibrant-abstract-purple-wave-motion-art-29040258/,2026-08-06T01:57:03+00:00
9988884-uhd_3840_2160_30fps.mp4,https://www.pexels.com/video/an-animation-of-dripping-liquid-9988884/,Oleg Gamulinskii,Pexels License,https://www.pexels.com/license/,https://www.pexels.com/video/an-animation-of-dripping-liquid-9988884/,2026-08-06T01:57:16+00:00
15863514-uhd_3840_2160_30fps.mp4,https://www.pexels.com/video/a-large-number-of-colorful-balls-are-falling-down-15863514/,Pachon in Motion,Pexels License,https://www.pexels.com/license/,https://www.pexels.com/video/a-large-number-of-colorful-balls-are-falling-down-15863514/,2026-08-06T01:57:28+00:00
16003136-uhd_3840_2160_30fps.mp4,https://www.pexels.com/video/a-3d-model-of-a-bunch-of-green-and-yellow-blocks-16003136/,Pachon in Motion,Pexels License,https://www.pexels.com/license/,https://www.pexels.com/video/a-3d-model-of-a-bunch-of-green-and-yellow-blocks-16003136/,2026-08-06T01:57:39+00:00
4939677-uhd_3840_2160_30fps.mp4,https://www.pexels.com/video/a-motion-art-4939677/,Lone Scavengah,Pexels License,https://www.pexels.com/license/,https://www.pexels.com/video/a-motion-art-4939677/,2026-08-06T01:57:49+00:00
14320601_3840_2160_60fps.mp4,https://www.pexels.com/video/colorful-abstract-spiral-motion-animation-33717941/,Pachon in Motion,Pexels License,https://www.pexels.com/license/,https://www.pexels.com/video/colorful-abstract-spiral-motion-animation-33717941/,2026-08-06T01:58:11+00:00
15185341-uhd_3840_2160_30fps.mp4,https://www.pexels.com/video/digital-animation-of-a-dynamic-geometric-pattern-15185341/,Pachon in Motion,Pexels License,https://www.pexels.com/license/,https://www.pexels.com/video/digital-animation-of-a-dynamic-geometric-pattern-15185341/,2026-08-06T01:58:19+00:00
12617878_3840_2160_25fps.mp4,https://www.pexels.com/video/vibrant-abstract-kaleidoscope-animation-visuals-29238624/,StefWithAnF,Pexels License,https://www.pexels.com/license/,https://www.pexels.com/video/vibrant-abstract-kaleidoscope-animation-visuals-29238624/,2026-08-06T01:58:49+00:00
14422345_4096_2160_60fps.mp4,https://www.pexels.com/video/abstract-geometric-tunnel-with-vibrant-colors-33997976/,tunnel motions,Pexels License,https://www.pexels.com/license/,https://www.pexels.com/video/abstract-geometric-tunnel-with-vibrant-colors-33997976/,2026-08-06T01:59:01+00:00
10915063-uhd_2160_3840_25fps.mp4,https://www.pexels.com/video/black-paint-dripping-animation-10915063/,Artyom Saqib,Pexels License,https://www.pexels.com/license/,https://www.pexels.com/video/black-paint-dripping-animation-10915063/,2026-08-06T01:59:05+00:00
13977490-uhd_3840_2156_30fps.mp4,https://www.pexels.com/video/animation-of-glitched-waves-13977490/,Steve A Johnson,Pexels License,https://www.pexels.com/license/,https://www.pexels.com/video/animation-of-glitched-waves-13977490/,2026-08-06T01:59:16+00:00
10991279-hd_3840_2160_25fps.mp4,https://www.pexels.com/video/a-trippy-psychedelic-animation-10991279/,Merlin Lightpainting,Pexels License,https://www.pexels.com/license/,https://www.pexels.com/video/a-trippy-psychedelic-animation-10991279/,2026-08-06T01:59:28+00:00
12104037-uhd_3840_2160_25fps.mp4,https://www.pexels.com/video/white-paint-dripping-animation-12104037/,Artyom Saqib,Pexels License,https://www.pexels.com/license/,https://www.pexels.com/video/white-paint-dripping-animation-12104037/,2026-08-06T01:59:30+00:00
10740644-hd_3840_2160_25fps.mp4,https://www.pexels.com/video/trippy-abstract-animation-10740644/,Merlin Lightpainting,Pexels License,https://www.pexels.com/license/,https://www.pexels.com/video/trippy-abstract-animation-10740644/,2026-08-06T01:59:43+00:00
12491719_3840_2160_30fps.mp4,https://www.pexels.com/video/abstract-light-warp-effect-with-rainbow-colors-28838724/,dumitru B,Pexels License,https://www.pexels.com/license/,https://www.pexels.com/video/abstract-light-warp-effect-with-rainbow-colors-28838724/,2026-08-06T01:59:48+00:00
15196837-uhd_3840_2160_30fps.mp4,https://www.pexels.com/video/3d-design-of-a-textured-surface-15196837/,Pachon in Motion,Pexels License,https://www.pexels.com/license/,https://www.pexels.com/video/3d-design-of-a-textured-surface-15196837/,2026-08-06T01:59:54+00:00
16301154_2160_3840_30fps.mp4,https://www.pexels.com/video/dynamic-digital-graffiti-art-creation-38385541/,Inox One,Pexels License,https://www.pexels.com/license/,https://www.pexels.com/video/dynamic-digital-graffiti-art-creation-38385541/,2026-08-06T02:00:03+00:00
15196738-uhd_3840_2160_30fps.mp4,https://www.pexels.com/video/3d-animation-of-a-dynamic-textured-surface-15196738/,Pachon in Motion,Pexels License,https://www.pexels.com/license/,https://www.pexels.com/video/3d-animation-of-a-dynamic-textured-surface-15196738/,2026-08-06T02:00:11+00:00
10915906-uhd_3840_2160_30fps.mp4,https://www.pexels.com/video/multicolored-pattern-animation-10915906/,Merlin Lightpainting,Pexels License,https://www.pexels.com/license/,https://www.pexels.com/video/multicolored-pattern-animation-10915906/,2026-08-06T02:00:28+00:00
10915893-uhd_3840_2160_30fps.mp4,https://www.pexels.com/video/luminous-kaleidoscope-animation-10915893/,Merlin Lightpainting,Pexels License,https://www.pexels.com/license/,https://www.pexels.com/video/luminous-kaleidoscope-animation-10915893/,2026-08-06T02:00:45+00:00
12617985_3840_2160_25fps.mp4,https://www.pexels.com/video/mesmerizing-abstract-kaleidoscope-patterns-29238632/,StefWithAnF,Pexels License,https://www.pexels.com/license/,https://www.pexels.com/video/mesmerizing-abstract-kaleidoscope-patterns-29238632/,2026-08-06T02:01:12+00:00
14471417_3840_2160_30fps.mp4,https://www.pexels.com/video/futuristic-black-and-white-torus-animation-34127912/,Chandresh Uike,Pexels License,https://www.pexels.com/license/,https://www.pexels.com/video/futuristic-black-and-white-torus-animation-34127912/,2026-08-06T02:01:18+00:00
12896256_3840_2160_60fps.mp4,https://www.pexels.com/video/dynamic-neon-abstract-3d-digital-art-display-30064779/,Pachon in Motion,Pexels License,https://www.pexels.com/license/,https://www.pexels.com/video/dynamic-neon-abstract-3d-digital-art-display-30064779/,2026-08-06T02:01:38+00:00
13007726_3840_2160_30fps.mp4,https://www.pexels.com/video/3d-geometric-landscape-animation-loop-30346368/,Pachon in Motion,Pexels License,https://www.pexels.com/license/,https://www.pexels.com/video/3d-geometric-landscape-animation-loop-30346368/,2026-08-06T02:01:47+00:00
12080630-uhd_3456_2160_30fps.mp4,https://www.pexels.com/video/purple-cube-on-ribbon-shape-12080630/,Made Visible,Pexels License,https://www.pexels.com/license/,https://www.pexels.com/video/purple-cube-on-ribbon-shape-12080630/,2026-08-06T02:01:50+00:00
11904073_3840_2160_30fps.mp4,https://www.pexels.com/video/an-artist-s-illustration-of-artificial-intelligence-ai-this-video-explores-generative-ai-and-how-it-can-empower-humans-with-creativity-it-was-created-by-zunc-studio-as-part-of-the-visu-25744119/,Google DeepMind,Pexels License,https://www.pexels.com/license/,https://www.pexels.com/video/an-artist-s-illustration-of-artificial-intelligence-ai-this-video-explores-generative-ai-and-how-it-can-empower-humans-with-creativity-it-was-created-by-zunc-studio-as-part-of-the-visu-25744119/,2026-08-06T02:02:02+00:00
15196747-uhd_3840_2160_30fps.mp4,https://www.pexels.com/video/an-animated-3d-geometric-design-15196747/,Pachon in Motion,Pexels License,https://www.pexels.com/license/,https://www.pexels.com/video/an-animated-3d-geometric-design-15196747/,2026-08-06T02:02:06+00:00
12617979_3840_2160_25fps.mp4,https://www.pexels.com/video/colorful-fractal-kaleidoscope-animation-loop-29238618/,StefWithAnF,Pexels License,https://www.pexels.com/license/,https://www.pexels.com/video/colorful-fractal-kaleidoscope-animation-loop-29238618/,2026-08-06T02:02:21+00:00
15196841-uhd_3840_2160_30fps.mp4,https://www.pexels.com/video/digital-design-of-a-textured-surface-15196841/,Pachon in Motion,Pexels License,https://www.pexels.com/license/,https://www.pexels.com/video/digital-design-of-a-textured-surface-15196841/,2026-08-06T02:02:26+00:00
14131051_3840_2160_30fps.mp4,https://www.pexels.com/video/abstract-orange-curved-ribbon-animation-loop-33156954/,Mahmoud Ramadan,Pexels License,https://www.pexels.com/license/,https://www.pexels.com/video/abstract-orange-curved-ribbon-animation-loop-33156954/,2026-08-06T02:02:32+00:00
10740646-hd_3840_2160_25fps.mp4,https://www.pexels.com/video/trippy-abstract-animation-10740646/,Merlin Lightpainting,Pexels License,https://www.pexels.com/license/,https://www.pexels.com/video/trippy-abstract-animation-10740646/,2026-08-06T02:02:45+00:00
15200532-uhd_3840_2160_30fps.mp4,https://www.pexels.com/video/close-up-of-a-3d-abstract-design-in-motion-15200532/,Pachon in Motion,Pexels License,https://www.pexels.com/license/,https://www.pexels.com/video/close-up-of-a-3d-abstract-design-in-motion-15200532/,2026-08-06T02:02:51+00:00
8157134-uhd_2160_3840_25fps.mp4,https://www.pexels.com/video/a-person-doing-an-abstract-painting-8157134/,Pavel Danilyuk,Pexels License,https://www.pexels.com/license/,https://www.pexels.com/video/a-person-doing-an-abstract-painting-8157134/,2026-08-06T02:02:58+00:00
8347677-uhd_2160_4096_30fps.mp4,https://www.pexels.com/video/a-person-using-a-palette-knife-8347677/,ROMAN ODINTSOV,Pexels License,https://www.pexels.com/license/,https://www.pexels.com/video/a-person-using-a-palette-knife-8347677/,2026-08-06T02:03:06+00:00
5009010-uhd_2160_3840_25fps.mp4,https://www.pexels.com/video/a-woman-painting-5009010/,Tima Miroshnichenko,Pexels License,https://www.pexels.com/license/,https://www.pexels.com/video/a-woman-painting-5009010/,2026-08-06T02:03:11+00:00
5008996-uhd_2160_3840_25fps.mp4,https://www.pexels.com/video/close-up-view-of-a-person-painting-on-canvas-5008996/,Tima Miroshnichenko,Pexels License,https://www.pexels.com/license/,https://www.pexels.com/video/close-up-view-of-a-person-painting-on-canvas-5008996/,2026-08-06T02:03:16+00:00
8037240-uhd_2160_3840_25fps.mp4,https://www.pexels.com/video/person-mixing-paint-with-a-paintbrush-8037240/,Kampus Production,Pexels License,https://www.pexels.com/license/,https://www.pexels.com/video/person-mixing-paint-with-a-paintbrush-8037240/,2026-08-06T02:03:24+00:00
8347850-uhd_2160_4096_30fps.mp4,https://www.pexels.com/video/close-up-of-an-artist-holding-a-paint-covered-cloth-8347850/,ROMAN ODINTSOV,Pexels License,https://www.pexels.com/license/,https://www.pexels.com/video/close-up-of-an-artist-holding-a-paint-covered-cloth-8347850/,2026-08-06T02:03:35+00:00
10533048-uhd_2160_4096_25fps.mp4,https://www.pexels.com/video/a-person-spreading-paint-with-a-tool-10533048/,Ron Lach,Pexels License,https://www.pexels.com/license/,https://www.pexels.com/video/a-person-spreading-paint-with-a-tool-10533048/,2026-08-06T02:03:49+00:00
8738483-uhd_2160_3840_25fps.mp4,https://www.pexels.com/video/an-artist-creating-a-design-in-a-white-shirt-8738483/,Tima Miroshnichenko,Pexels License,https://www.pexels.com/license/,https://www.pexels.com/video/an-artist-creating-a-design-in-a-white-shirt-8738483/,2026-08-06T02:03:56+00:00
8347842-uhd_4096_2160_30fps.mp4,https://www.pexels.com/video/person-doing-painting-8347842/,ROMAN ODINTSOV,Pexels License,https://www.pexels.com/license/,https://www.pexels.com/video/person-doing-painting-8347842/,2026-08-06T02:04:09+00:00
7857990-uhd_2160_3840_24fps.mp4,https://www.pexels.com/video/close-up-view-of-a-person-painting-7857990/,Greta Hoffman,Pexels License,https://www.pexels.com/license/,https://www.pexels.com/video/close-up-view-of-a-person-painting-7857990/,2026-08-06T02:04:15+00:00
8037390-uhd_2160_3840_25fps.mp4,https://www.pexels.com/video/video-of-painting-materials-8037390/,Kampus Production,Pexels License,https://www.pexels.com/license/,https://www.pexels.com/video/video-of-painting-materials-8037390/,2026-08-06T02:04:20+00:00
8347729-uhd_2160_4096_30fps.mp4,https://www.pexels.com/video/a-person-doing-painting-8347729/,ROMAN ODINTSOV,Pexels License,https://www.pexels.com/license/,https://www.pexels.com/video/a-person-doing-painting-8347729/,2026-08-06T02:04:32+00:00
8037610-uhd_2160_3840_25fps.mp4,https://www.pexels.com/video/a-woman-holding-a-canvass-8037610/,Kampus Production,Pexels License,https://www.pexels.com/license/,https://www.pexels.com/video/a-woman-holding-a-canvass-8037610/,2026-08-06T02:04:38+00:00
8347853-uhd_2160_4096_30fps.mp4,https://www.pexels.com/video/person-making-an-abstract-painting-8347853/,ROMAN ODINTSOV,Pexels License,https://www.pexels.com/license/,https://www.pexels.com/video/person-making-an-abstract-painting-8347853/,2026-08-06T02:04:52+00:00
8347919-uhd_2160_4096_30fps.mp4,https://www.pexels.com/video/a-person-painting-using-acrylic-paint-8347919/,ROMAN ODINTSOV,Pexels License,https://www.pexels.com/license/,https://www.pexels.com/video/a-person-painting-using-acrylic-paint-8347919/,2026-08-06T02:05:06+00:00
7117909-uhd_2160_4096_25fps.mp4,https://www.pexels.com/video/artist-doing-artwork-7117909/,cottonbro studio,Pexels License,https://www.pexels.com/license/,https://www.pexels.com/video/artist-doing-artwork-7117909/,2026-08-06T02:05:20+00:00
8348365-uhd_2160_4096_30fps.mp4,https://www.pexels.com/video/various-painting-materials-on-a-table-8348365/,ROMAN ODINTSOV,Pexels License,https://www.pexels.com/license/,https://www.pexels.com/video/various-painting-materials-on-a-table-8348365/,2026-08-06T02:05:26+00:00
4360155-uhd_3840_2160_24fps.mp4,https://www.pexels.com/video/a-person-mixing-paints-on-the-paint-board-4360155/,Yaroslav Shuraev,Pexels License,https://www.pexels.com/license/,https://www.pexels.com/video/a-person-mixing-paints-on-the-paint-board-4360155/,2026-08-06T02:05:32+00:00
8037506-uhd_2160_3840_25fps.mp4,https://www.pexels.com/video/a-woman-painting-on-a-canvas-while-wearing-a-lingerie-8037506/,Kampus Production,Pexels License,https://www.pexels.com/license/,https://www.pexels.com/video/a-woman-painting-on-a-canvas-while-wearing-a-lingerie-8037506/,2026-08-06T02:05:37+00:00
